"","Country","Happiness","GDP","SocialSupport","Health","Freedom","Generosity","Corruption","PositiveAffect","NegativeAffect","ConfidenceInGovernment","Region"
"1","Afghanistan",2.66171813011169,7.49775457382202,0.490880072116852,52.7999992370605,0.427010864019394,-0.112198285758495,0.954392552375793,0.496348559856415,0.371326178312302,0.261178523302078,"Southern Asia"
"2","Albania",4.63954830169678,9.376145362854,0.637698292732239,68.4000015258789,0.749611020088196,-0.0326428152620792,0.876134634017944,0.669240891933441,0.333884119987488,0.457737535238266,"Central and Eastern Europe"
"3","Algeria",5.24891233444214,9.54063892364502,0.806753873825073,65.6999969482422,0.436670482158661,-0.191522106528282,0.699774205684662,0.64197963476181,0.288710027933121,NA,"Middle East and Northern Africa"
"4","Argentina",6.03933000564575,9.84870910644531,0.906699120998383,68.5999984741211,0.831966161727905,-0.182599917054176,0.8410524725914,0.809422612190247,0.291717261075974,0.305430293083191,"Latin America and Caribbean"
"5","Armenia",4.28773641586304,9.08109474182129,0.697924911975861,66.5999984741211,0.613697052001953,-0.133957877755165,0.864683330059052,0.625013828277588,0.437148749828339,0.246900990605354,"Central and Eastern Europe"
"6","Australia",7.25703763961792,10.7065811157227,0.949957847595215,73.3000030517578,0.910550177097321,0.308772951364517,0.411346524953842,0.780078887939453,0.225360974669456,0.45340695977211,"Australia and New Zealand"
"7","Austria",7.29372787475586,10.7240753173828,0.906217813491821,72.6999969482422,0.890030562877655,0.131114438176155,0.51830381155014,0.747568726539612,0.180268719792366,0.435907930135727,"Western Europe"
"8","Azerbaijan",5.15227937698364,9.67076206207275,0.787039399147034,65.1999969482422,0.731030464172363,-0.245215877890587,0.652539014816284,0.592359244823456,0.198318660259247,0.766583442687988,"Central and Eastern Europe"
"9","Bahrain",6.22732067108154,10.6756935119629,0.87574714422226,68.5,0.905858516693115,0.128193482756615,NA,0.813570559024811,0.289759516716003,NA,"Middle East and Northern Africa"
"10","Bangladesh",4.3097710609436,8.1673469543457,0.712552785873413,63.7999992370605,0.896217167377472,0.0162690617144108,0.635014474391937,0.568827092647552,0.213505759835243,0.876646459102631,"Southern Asia"
"11","Belarus",5.55291509628296,9.75080013275146,0.900255799293518,65.8000030517578,0.620979249477386,-0.129172563552856,0.654113411903381,0.540905773639679,0.232768073678017,0.447916299104691,"Central and Eastern Europe"
"12","Belgium",6.92834758758545,10.6609840393066,0.921639084815979,71.8000030517578,0.856801986694336,0.0517601482570171,0.543046057224274,0.78636759519577,0.233597695827484,0.449731916189194,"Western Europe"
"13","Benin",4.85318088531494,7.63251543045044,0.435878992080688,53.9000015258789,0.726808249950409,-0.0428110808134079,0.767234623432159,0.614722311496735,0.457920342683792,0.615089297294617,"Sub-Saharan Africa"
"14","Bolivia",5.65055274963379,8.83722114562988,0.778661787509918,63.2999992370605,0.883904933929443,-0.11527493596077,0.819261968135834,0.698195397853851,0.433943539857864,0.427632957696915,"Latin America and Caribbean"
"15","Bosnia and Herzegovina",5.08990240097046,9.36853122711182,0.775295257568359,67.5,0.563798666000366,0.0924986377358437,0.923343062400818,0.597341656684875,0.270745515823364,0.1263797134161,"Central and Eastern Europe"
"16","Botswana",3.50488114356995,9.66823196411133,0.768258631229401,58.2000007629395,0.817308008670807,-0.253493279218674,0.731441497802734,0.656396448612213,0.276252508163452,0.770821094512939,"Sub-Saharan Africa"
"17","Brazil",6.3329291343689,9.55417442321777,0.904694259166718,66.1999969482422,0.764792561531067,-0.184547558426857,0.794457376003265,0.71594512462616,0.307716906070709,0.16549026966095,"Latin America and Caribbean"
"18","Bulgaria",5.09690189361572,9.82894229888916,0.941754579544067,66.5999984741211,0.689047038555145,-0.156459167599678,0.910799741744995,0.61421674489975,0.188637346029282,0.326087951660156,"Central and Eastern Europe"
"19","Burkina Faso",4.64689111709595,7.44020652770996,0.784761369228363,53.4000015258789,0.613774716854095,-0.0548434555530548,0.727451324462891,0.585172474384308,0.353821069002151,0.54065614938736,"Sub-Saharan Africa"
"20","Cambodia",4.58584213256836,8.20113086700439,0.765094935894012,61.2000007629395,0.963774681091309,0.0859953239560127,0.821022927761078,0.798616647720337,0.408283829689026,0.752442479133606,"Southeastern Asia"
"21","Cameroon",5.07405138015747,8.12116146087646,0.694596409797668,51.9000015258789,0.766945004463196,-0.0315709635615349,0.843585610389709,0.632338762283325,0.377498745918274,0.578775525093079,"Sub-Saharan Africa"
"22","Canada",7.41486835479736,10.6923446655273,0.933748960494995,73.4000015258789,0.945145010948181,0.155016168951988,0.362034320831299,0.862773478031158,0.217981159687042,0.652735948562622,"North America"
"23","Central African Republic",3.4758620262146,6.49411678314209,0.319589138031006,45.2000007629395,0.645252346992493,0.0937543585896492,0.889566004276276,0.613865196704865,0.599335491657257,0.650284886360168,"Sub-Saharan Africa"
"24","Chad",4.55893707275391,7.47769117355347,0.660615563392639,47.7000007629395,0.61484968662262,-0.00491950381547213,0.792389929294586,0.627503156661987,0.538245439529419,0.473544389009476,"Sub-Saharan Africa"
"25","Chile",6.32011938095093,10.0330686569214,0.879840791225433,69.8000030517578,0.790116488933563,-0.0302612632513046,0.835987508296967,0.838474810123444,0.29104208946228,0.268283307552338,"Latin America and Caribbean"
"26","China",5.09906148910522,9.63617706298828,0.772033214569092,69,0.877617597579956,-0.191224813461304,NA,0.821097254753113,0.214004755020142,NA,"Eastern Asia"
"27","Colombia",6.15734195709229,9.49212646484375,0.90924996137619,67.4000015258789,0.837554633617401,-0.162942990660667,0.875018119812012,0.836926996707916,0.299308955669403,0.221882596611977,"Latin America and Caribbean"
"28","Congo (Brazzaville)",4.88399124145508,8.49318885803223,0.655440509319305,57.2999992370605,0.777783453464508,-0.163537174463272,0.762783110141754,0.598951637744904,0.381640553474426,0.469826549291611,"Sub-Saharan Africa"
"29","Congo (Kinshasa)",4.31103324890137,6.69472694396973,0.669688403606415,52.9000015258789,0.704239547252655,0.0850663632154465,0.809181869029999,0.550525903701782,0.404262065887451,0.478412300348282,"Sub-Saharan Africa"
"30","Costa Rica",7.22518157958984,9.65020656585693,0.92169713973999,71.0999984741211,0.935618460178375,-0.0731791779398918,0.74235075712204,0.874395847320557,0.275440067052841,0.407448440790176,"Latin America and Caribbean"
"31","Croatia",5.3431658744812,10.0287885665894,0.770309686660767,69.5999984741211,0.715822279453278,-0.105906412005424,0.891559720039368,0.655305027961731,0.316488236188889,0.211000666022301,"Central and Eastern Europe"
"32","Cyprus",6.06205129623413,10.3863801956177,0.818671047687531,73.5,0.811670660972595,0.0400627143681049,0.851206421852112,0.784188449382782,0.300516605377197,0.312653422355652,"Western Europe"
"33","Czech Republic",6.7895679473877,10.3922491073608,0.900968968868256,69.8000030517578,0.831785500049591,-0.178765177726746,0.866524994373322,0.738743960857391,0.226649791002274,0.34387081861496,"Central and Eastern Europe"
"34","Denmark",7.59370231628418,10.7511253356934,0.952100098133087,72.0999984741211,0.955416321754456,0.152028441429138,0.181147560477257,0.823667407035828,0.205775305628777,0.572353303432465,"Western Europe"
"35","Dominican Republic",5.60520267486572,9.58883571624756,0.89436811208725,65.5,0.855359017848969,-0.123324632644653,0.760489642620087,0.738943636417389,0.274745523929596,0.459901332855225,"Latin America and Caribbean"
"36","Ecuador",5.83951854705811,9.2669038772583,0.848941743373871,68.1999969482422,0.879128158092499,-0.170977935194969,0.733588755130768,0.829141974449158,0.314343482255936,0.640512883663177,"Latin America and Caribbean"
"37","Egypt",3.92934417724609,9.26390075683594,0.638226389884949,61.4000015258789,0.592504799365997,-0.159880474209785,NA,0.539322555065155,0.414493799209595,NA,"Middle East and Northern Africa"
"38","El Salvador",6.33931827545166,8.89459609985352,0.828952610492706,65.8000030517578,0.757827341556549,-0.17079296708107,0.777748584747314,0.848850607872009,0.268448352813721,0.270235061645508,"Latin America and Caribbean"
"39","Estonia",5.93839597702026,10.2915096282959,0.935686349868774,68.4000015258789,0.861749231815338,-0.104597918689251,0.668402254581451,0.805217981338501,0.160164102911949,0.405946254730225,"Central and Eastern Europe"
"40","Ethiopia",4.18031549453735,7.45583438873291,0.733539760112762,58,0.717101216316223,0.00751884281635284,0.756898939609528,0.608514785766602,0.304436177015305,0.768354296684265,"Sub-Saharan Africa"
"41","Finland",7.78825187683105,10.6111717224121,0.963826417922974,71.8000030517578,0.962198972702026,-0.00569597538560629,0.192412778735161,0.787137091159821,0.176065787672997,0.597538590431213,"Western Europe"
"42","France",6.63522243499756,10.5611543655396,0.9314945936203,73.5999984741211,0.83389014005661,-0.127377018332481,0.601486027240753,0.762097775936127,0.241983935236931,0.374793529510498,"Western Europe"
"43","Gabon",4.78238296508789,9.71489143371582,0.806941151618958,59.2000007629395,0.652359545230865,-0.247073993086815,0.868305504322052,0.634047150611877,0.446124285459518,0.286989241838455,"Sub-Saharan Africa"
"44","Gambia",4.11793899536133,7.35357284545898,0.697001516819,54.7000007629395,0.812325835227966,0.126379773020744,0.57161557674408,0.838287174701691,0.277247190475464,0.796493291854858,"Sub-Saharan Africa"
"45","Georgia",4.45077466964722,9.1845178604126,0.59049516916275,64.6999969482422,0.820908784866333,-0.230505853891373,0.589631974697113,0.58112770318985,0.209639608860016,0.296396225690842,"Central and Eastern Europe"
"46","Germany",7.07432460784912,10.7194995880127,0.892166078090668,71.9000015258789,0.840727865695953,0.141375407576561,0.414021193981171,0.736565709114075,0.196434810757637,0.622935652732849,"Western Europe"
"47","Ghana",5.48131084442139,8.34939670562744,0.66911107301712,56.7999992370605,0.783046364784241,0.082861453294754,0.838609993457794,0.702511727809906,0.247518941760063,0.670288562774658,"Sub-Saharan Africa"
"48","Greece",5.14824151992798,10.1094598770142,0.752899527549744,72.1999969482422,0.438300013542175,-0.29122731089592,0.872239470481873,0.602939009666443,0.332830756902695,0.139880895614624,"Western Europe"
"49","Guatemala",6.32511854171753,8.91244697570801,0.826492071151733,64.5,0.91452169418335,-0.0599324032664299,0.799747884273529,0.845865786075592,0.308086156845093,0.458623856306076,"Latin America and Caribbean"
"50","Guinea",4.87372255325317,7.60036516189575,0.634025573730469,53.2999992370605,0.738212823867798,0.046024639159441,0.750026226043701,0.70447713136673,0.42246088385582,0.639980792999268,"Sub-Saharan Africa"
"51","Haiti",3.82386565208435,7.41045141220093,0.646984994411469,55.5,0.484429150819778,0.380740523338318,0.64719158411026,0.573366701602936,0.321692764759064,0.435076951980591,"Latin America and Caribbean"
"52","Honduras",6.01998567581177,8.42107772827148,0.843354940414429,67,0.898377418518066,0.0786035656929016,0.783429443836212,0.842200934886932,0.248383343219757,0.495585024356842,"Latin America and Caribbean"
"53","Hong Kong",5.36247491836548,10.9340867996216,0.831066310405731,75.9073181152344,0.830657243728638,0.128979280591011,0.415810197591782,0.639533460140228,0.200593411922455,0.545040726661682,"Eastern Asia"
"54","Hungary",6.06503868103027,10.1953191757202,0.87674754858017,67.1999969482422,0.661165952682495,-0.145813331007957,0.886361300945282,0.735184252262115,0.180921271443367,0.377770513296127,"Central and Eastern Europe"
"55","Iceland",7.47621393203735,10.7468414306641,0.966752827167511,73,0.938783288002014,0.243323683738708,0.726845383644104,0.895254552364349,0.148160010576248,0.365041941404343,"Western Europe"
"56","India",4.04611110687256,8.76821231842041,0.606767475605011,59.7000007629395,0.885850429534912,-0.0536204949021339,0.78080278635025,0.682090997695923,0.317936778068542,0.839278399944305,"Southern Asia"
"57","Indonesia",5.09840154647827,9.32266330718994,0.795589208602905,61.9000015258789,0.865026295185089,0.475460678339005,0.900416433811188,0.862584173679352,0.319171577692032,0.825765371322632,"Southeastern Asia"
"58","Iran",4.71678304672241,9.85653305053711,0.714232921600342,65.6999969482422,0.730635166168213,0.186621651053429,0.714941322803497,0.693666040897369,0.438533902168274,NA,"Middle East and Northern Africa"
"59","Iraq",4.46239900588989,9.65911960601807,0.695109367370605,59.5999984741211,0.627722024917603,-0.0377148538827896,0.757108807563782,0.505288541316986,0.590538740158081,0.424050778150558,"Middle East and Northern Africa"
"60","Ireland",7.06015539169312,11.1174402236938,0.943481981754303,72.1999969482422,0.905341148376465,0.210759684443474,0.337084740400314,0.833388924598694,0.212784126400948,0.603799641132355,"Western Europe"
"61","Israel",7.33103609085083,10.4082641601562,0.916440844535828,73.0999984741211,0.768076300621033,0.142772495746613,0.792652249336243,0.673591315746307,0.276443153619766,0.389368146657944,"Middle East and Northern Africa"
"62","Italy",6.19887018203735,10.4693717956543,0.919791221618652,73.4000015258789,0.632843255996704,-0.0371780842542648,0.866667926311493,0.661180734634399,0.32284614443779,0.230196297168732,"Western Europe"
"63","Ivory Coast",5.03773498535156,8.18896865844727,0.661375343799591,48.9000015258789,0.732097923755646,-0.096848264336586,0.770940244197845,0.697735488414764,0.357455790042877,0.516654312610626,"Sub-Saharan Africa"
"64","Jamaica",5.8897590637207,9.01110458374023,0.913029849529266,67.0999984741211,0.860676348209381,-0.128097996115685,0.882796168327332,0.769282162189484,0.243399634957314,0.348201751708984,"Latin America and Caribbean"
"65","Japan",5.9106764793396,10.5713739395142,0.881961286067963,74.9000015258789,0.849396586418152,-0.217277035117149,0.659198641777039,0.740387618541718,0.175512179732323,0.412489950656891,"Eastern Asia"
"66","Jordan",4.80808258056641,9.0285177230835,0.814664542675018,66.5999984741211,0.766262471675873,-0.150125920772552,NA,0.62779837846756,0.391505181789398,NA,"Middle East and Northern Africa"
"67","Kazakhstan",5.88235139846802,10.0881223678589,0.914093196392059,64,0.745243966579437,-0.0456177592277527,0.755250692367554,0.756762206554413,0.171486407518387,0.755705773830414,"Central and Eastern Europe"
"68","Kenya",4.47565412521362,8.00404071807861,0.714604318141937,59.5,0.853394389152527,0.249233558773994,0.854000389575958,0.788452208042145,0.230210304260254,0.63786256313324,"Sub-Saharan Africa"
"69","Kosovo",6.14919996261597,9.18971252441406,0.792087256908417,64.8792953491211,0.85767674446106,0.111966609954834,0.925191819667816,0.738435566425323,0.185879096388817,0.298196136951447,"Central and Eastern Europe"
"70","Kuwait",6.09390544891357,11.0902719497681,0.853491306304932,66.5,0.884181618690491,-0.0390139408409595,NA,0.692071914672852,0.307320803403854,NA,"Middle East and Northern Africa"
"71","Kyrgyzstan",5.62953662872314,8.12960910797119,0.882586658000946,63.7999992370605,0.859389781951904,0.164255797863007,0.87449449300766,0.755125224590302,0.160438314080238,0.561672747135162,"Central and Eastern Europe"
"72","Laos",4.62314081192017,8.76364040374756,0.707335770130157,58.2999992370605,0.891000747680664,0.0730663239955902,0.591616809368134,0.872791767120361,0.344225883483887,0.839935004711151,"Southeastern Asia"
"73","Latvia",5.97781753540039,10.1291818618774,0.895098745822906,66.5,0.699520111083984,-0.158590495586395,0.798378109931946,0.623312771320343,0.23175311088562,0.264000505208969,"Central and Eastern Europe"
"74","Lebanon",5.15398979187012,9.50058650970459,0.776583015918732,66.5999984741211,0.604554176330566,-0.072667308151722,0.910727262496948,0.515443921089172,0.243549212813377,0.217718094587326,"Middle East and Northern Africa"
"75","Lesotho",3.79530072212219,7.95547866821289,0.768551647663116,47.2999992370605,0.756505191326141,-0.153132945299149,0.796859443187714,0.746201753616333,0.255303084850311,0.69529914855957,"Sub-Saharan Africa"
"76","Liberia",4.4244909286499,6.62378358840942,0.684866845607758,55.2999992370605,0.733389914035797,0.0354487560689449,0.866806387901306,0.667946457862854,0.391330540180206,0.554991543292999,"Sub-Saharan Africa"
"77","Libya",5.64685249328613,9.79152202606201,0.822758793830872,62.2999992370605,0.77869588136673,-0.0530385933816433,0.673065543174744,0.69704931974411,0.379374176263809,NA,"Middle East and Northern Africa"
"78","Lithuania",6.27294063568115,10.2929677963257,0.926316618919373,66.6999969482422,0.749307334423065,-0.177641674876213,0.789709866046906,0.607613146305084,0.195118829607964,0.321247279644012,"Central and Eastern Europe"
"79","Luxembourg",7.0613808631897,11.4540023803711,0.905435502529144,72.5999984741211,0.902821719646454,0.0395547822117805,0.330173581838608,0.765816867351532,0.184467002749443,0.73892205953598,"Western Europe"
"80","Macedonia",5.23386669158936,9.48122310638428,0.799955129623413,67.3000030517578,0.752106606960297,-0.0579917728900909,0.855697274208069,0.50245988368988,0.299390584230423,0.442916452884674,"Central and Eastern Europe"
"81","Madagascar",4.07862043380737,7.25590133666992,0.626331984996796,58.7000007629395,0.570347905158997,-0.0296923574060202,0.847260773181915,0.751698076725006,0.374838024377823,0.541916131973267,"Sub-Saharan Africa"
"82","Malawi",3.41686296463013,6.99854803085327,0.555422723293304,56.9000015258789,0.847920775413513,0.0174410622566938,0.734636604785919,0.6086665391922,0.312088340520859,0.620332539081573,"Sub-Saharan Africa"
"83","Mali",4.74185037612915,7.60802984237671,0.741359412670135,51.2000007629395,0.753213346004486,-0.0671203285455704,0.862655162811279,0.74183577299118,0.392784148454666,0.504820108413696,"Sub-Saharan Africa"
"84","Malta",6.67566585540771,10.5054321289062,0.937331795692444,72.1999969482422,0.923642933368683,0.247621223330498,0.690494537353516,0.720753371715546,0.302443116903305,0.752005159854889,"Western Europe"
"85","Mauritania",4.67815971374512,8.18803119659424,0.77922523021698,56.7000007629395,0.527446806430817,-0.135666266083717,0.777314066886902,0.637107074260712,0.272321939468384,0.292109727859497,"Sub-Saharan Africa"
"86","Mauritius",6.17411756515503,9.91801834106445,0.910142242908478,66.0999984741211,0.912307500839233,0.0779785960912704,0.818179905414581,0.74776017665863,0.168721184134483,0.614670753479004,"Sub-Saharan Africa"
"87","Mexico",6.41029930114746,9.7605676651001,0.799839377403259,68,0.86140513420105,-0.204242065548897,0.800893068313599,0.842642307281494,0.230990886688232,0.256953150033951,"Latin America and Caribbean"
"88","Moldova",5.32553052902222,8.55448341369629,0.830767929553986,64.3000030517578,0.552825212478638,-0.00362958200275898,0.926333785057068,0.581488788127899,0.25947779417038,0.132729634642601,"Central and Eastern Europe"
"89","Mongolia",5.33385038375854,9.37931060791016,0.924250781536102,62.0999984741211,0.674627423286438,0.104439713060856,0.864952206611633,0.675165295600891,0.213599517941475,0.2750583589077,"Eastern Asia"
"90","Montenegro",5.6147985458374,9.70560264587402,0.881199836730957,68.3000030517578,0.62590628862381,-0.0820779651403427,0.755680024623871,0.519128143787384,0.349785089492798,0.35154989361763,"Central and Eastern Europe"
"91","Morocco",5.3124828338623,8.92065811157227,0.641193091869354,65.5999984741211,0.81425803899765,-0.227033942937851,0.840502440929413,0.559288203716278,0.322715908288956,NA,"Middle East and Northern Africa"
"92","Mozambique",4.27986335754395,7.03535890579224,0.678463697433472,53.2000007629395,0.822670519351959,-0.0249641239643097,0.682108938694,0.648381412029266,0.35317650437355,0.759234368801117,"Sub-Saharan Africa"
"93","Myanmar",4.15434169769287,8.62901973724365,0.795183837413788,58.7000007629395,0.886011838912964,0.629576742649078,0.618821501731873,0.745647490024567,0.282285541296005,0.824176549911499,"Southeastern Asia"
"94","Namibia",4.44130611419678,9.16343879699707,0.828339040279388,56.2000007629395,0.810401856899261,-0.1966253221035,0.831302881240845,0.720678210258484,0.277252167463303,0.7458536028862,"Sub-Saharan Africa"
"95","Nepal",4.73669242858887,7.80090188980103,0.816383302211761,62.4000015258789,0.845147609710693,0.144506737589836,0.770177125930786,0.570577025413513,0.37597793340683,0.559578537940979,"Southern Asia"
"96","Netherlands",7.45896530151367,10.7887525558472,0.936501324176788,72.1999969482422,0.920319736003876,0.244597196578979,0.363133639097214,0.852184891700745,0.184519842267036,0.669553637504578,"Western Europe"
"97","New Zealand",7.32718276977539,10.4936561584473,0.954920649528503,73,0.942279458045959,0.289705753326416,0.221887484192848,0.817431271076202,0.171716570854187,0.609015464782715,"Australia and New Zealand"
"98","Nicaragua",6.47635650634766,8.57950019836426,0.838043689727783,67.1999969482422,0.922162771224976,0.0103005412966013,0.672963321208954,0.849764168262482,0.308447897434235,0.590425193309784,"Latin America and Caribbean"
"99","Niger",4.61567354202271,6.8308744430542,0.582109570503235,53,0.683557569980621,-0.0171520318835974,0.777660012245178,0.731161415576935,0.426522374153137,0.601117253303528,"Sub-Saharan Africa"
"100","Nigeria",5.32192802429199,8.58269119262695,0.733468532562256,49.2999992370605,0.825905561447144,0.113835752010345,0.834891974925995,0.724990546703339,0.235968768596649,0.558790743350983,"Sub-Saharan Africa"
"101","Norway",7.57874488830566,11.0790615081787,0.95012766122818,73.0999984741211,0.953016817569733,0.218105062842369,0.249711379408836,0.84909999370575,0.2029138058424,0.717159748077393,"Western Europe"
"102","Pakistan",5.83087062835693,8.52411079406738,0.690263569355011,58.0999984741211,0.71265709400177,0.0300644934177399,0.71392822265625,0.586166977882385,0.308341085910797,0.557435154914856,"Southern Asia"
"103","Palestinian Territories",4.62813282012939,NA,0.824345111846924,NA,0.631611287593842,NA,0.830646336078644,0.596765577793121,0.41607204079628,0.414400935173035,"Middle East and Northern Africa"
"104","Panama",6.5676589012146,10.0108623504639,0.911904811859131,69.5,0.899573504924774,-0.160123616456985,0.840777099132538,0.832688808441162,0.242319330573082,0.390996098518372,"Latin America and Caribbean"
"105","Paraguay",5.71329545974731,9.0855712890625,0.902042508125305,65.5,0.891171455383301,0.018430408090353,0.809900760650635,0.902772128582001,0.231783673167229,0.381784081459045,"Latin America and Caribbean"
"106","Peru",5.71093654632568,9.41219520568848,0.830123364925385,67.8000030517578,0.826552152633667,-0.16386441886425,0.895384132862091,0.789390861988068,0.39387372136116,0.254595339298248,"Latin America and Caribbean"
"107","Philippines",5.5942702293396,8.9357967376709,0.851028561592102,61.7999992370605,0.925703108310699,-0.146240323781967,0.711165547370911,0.768981456756592,0.340621501207352,0.837730050086975,"Southeastern Asia"
"108","Poland",6.20126819610596,10.211576461792,0.881854116916656,68.9000015258789,0.830842614173889,-0.127978220582008,NA,0.677435517311096,0.203387796878815,0.502480447292328,"Central and Eastern Europe"
"109","Portugal",5.71149921417236,10.2377033233643,0.899984836578369,72.1999969482422,0.905065655708313,-0.177407518029213,0.880970537662506,0.649151086807251,0.294272571802139,0.50108814239502,"Western Europe"
"110","Romania",6.08990478515625,10.0567750930786,0.811240136623383,66.9000015258789,0.838586688041687,-0.161854967474937,0.925658047199249,0.733730375766754,0.230836197733879,0.298341333866119,"Central and Eastern Europe"
"111","Russia",5.57874298095703,10.1172246932983,0.896151304244995,63.9000015258789,0.730874240398407,-0.154709875583649,0.861590206623077,0.710230231285095,0.194560527801514,0.556597232818604,"Central and Eastern Europe"
"112","Rwanda",3.10837388038635,7.52521467208862,0.516550004482269,60.5,0.908114850521088,0.050674844533205,0.213757216930389,0.762161076068878,0.358309626579285,0.981398344039917,"Sub-Saharan Africa"
"113","Saudi Arabia",6.29428243637085,10.8005018234253,0.840086281299591,66,0.814142167568207,-0.149060890078545,NA,0.774875700473785,0.305841892957687,NA,"Middle East and Northern Africa"
"114","Senegal",4.68302488327026,7.81220817565918,0.743759334087372,59.2000007629395,0.686937034130096,-0.0310854036360979,0.82524186372757,0.745732069015503,0.290836066007614,0.610722780227661,"Sub-Saharan Africa"
"115","Serbia",5.12203121185303,9.55029773712158,0.883770406246185,67.8000030517578,0.684846341609955,-0.0773373767733574,0.851457834243774,0.509721219539642,0.326407074928284,0.511197984218597,"Central and Eastern Europe"
"116","Sierra Leone",4.08956241607666,7.23727512359619,0.652287125587463,49.2000007629395,0.710613548755646,0.08671984821558,0.848398327827454,0.600368201732635,0.495040029287338,0.737516939640045,"Sub-Saharan Africa"
"117","Singapore",6.37843799591064,11.3566856384277,0.897349894046783,76.5,0.926127851009369,0.125963225960732,0.161790683865547,0.800114393234253,0.179324552416801,0.9269979596138,"Southeastern Asia"
"118","Slovakia",6.36550903320312,10.3141107559204,0.913386642932892,68.5999984741211,0.714224696159363,-0.0665929690003395,0.920422673225403,0.788020431995392,0.212722480297089,0.341680079698563,"Central and Eastern Europe"
"119","Slovenia",6.16683769226074,10.3545894622803,0.928187847137451,70.8000030517578,0.920862674713135,-0.027939947322011,0.828794717788696,0.61510968208313,0.285601437091827,0.239779725670815,"Central and Eastern Europe"
"120","South Africa",4.51365518569946,9.41693782806396,0.870313286781311,56.0999984741211,0.78742790222168,-0.137357383966446,0.86478191614151,0.784800708293915,0.26817524433136,0.423274219036102,"Sub-Saharan Africa"
"121","South Korea",5.87388706207275,10.4895610809326,0.80692994594574,73.3000030517578,0.538113713264465,0.00939086731523275,0.850690424442291,0.623377561569214,0.234825626015663,0.358582198619843,"Eastern Asia"
"122","South Sudan",2.81662249565125,NA,0.556822657585144,51,0.456011086702347,NA,0.761269629001617,0.585602164268494,0.517363786697388,0.461550503969193,"Middle East and Northern Africa"
"123","Spain",6.23017311096191,10.4420948028564,0.903158187866211,74.0999984741211,0.755560755729675,-0.0360333956778049,0.791268765926361,0.625055611133575,0.302387654781342,0.269585967063904,"Western Europe"
"124","Sri Lanka",4.33094549179077,9.36469745635986,0.822770595550537,67,0.827077388763428,0.0882553830742836,0.844210028648376,0.794951617717743,0.269727528095245,0.517589926719666,"Southern Asia"
"125","Sweden",7.28680467605591,10.7568235397339,0.914016783237457,72.5,0.934582114219666,0.163362830877304,0.239366918802261,0.813547790050507,0.175066828727722,0.559461951255798,"Western Europe"
"126","Switzerland",7.47359323501587,10.9579763412476,0.949661374092102,73.8000030517578,0.924996912479401,0.175113409757614,0.316183477640152,0.773997068405151,0.195871487259865,0.819706737995148,"Western Europe"
"127","Taiwan",6.35945081710815,NA,0.891119122505188,NA,0.759654760360718,NA,0.742780089378357,0.837277293205261,0.114123158156872,0.322822391986847,"Eastern Asia"
"128","Tajikistan",5.82923412322998,7.97140073776245,0.662693321704865,63.7999992370605,0.832002460956573,0.122264012694359,0.718336880207062,0.602667689323425,0.277725338935852,0.929793059825897,"Central and Eastern Europe"
"129","Tanzania",3.3471212387085,7.89480400085449,0.705010294914246,57,0.800495505332947,0.104961358010769,0.653606057167053,0.714645504951477,0.255335688591003,0.913339018821716,"Sub-Saharan Africa"
"130","Thailand",5.9388952255249,9.69754981994629,0.877268731594086,67,0.922896802425385,0.205395460128784,0.883816778659821,0.816321790218353,0.231597617268562,0.605078816413879,"Southeastern Asia"
"131","Togo",4.36080503463745,7.26529932022095,0.507805228233337,54.2999992370605,0.716694414615631,-0.0424015447497368,0.725519597530365,0.614188969135284,0.425824254751205,0.484952360391617,"Sub-Saharan Africa"
"132","Trinidad and Tobago",6.19185972213745,10.2668476104736,0.916029036045074,63.5,0.859140455722809,-0.00483250850811601,0.911336362361908,0.846467077732086,0.248098805546761,0.272540897130966,"Latin America and Caribbean"
"133","Tunisia",4.124342918396,9.29185581207275,0.717381596565247,66.5999984741211,0.477956652641296,-0.230909779667854,0.868826746940613,0.420961886644363,0.377196848392487,0.250827312469482,"Middle East and Northern Africa"
"134","Turkey",5.607262134552,10.1317911148071,0.876467823982239,66.4000015258789,0.644434213638306,-0.242938563227654,0.670910537242889,0.449800908565521,0.312846124172211,0.586161255836487,"Middle East and Northern Africa"
"135","Turkmenistan",5.22914886474609,9.70436668395996,0.908454895019531,61.7999992370605,0.72039920091629,0.0438731797039509,NA,0.520885109901428,0.349627673625946,NA,"Central and Eastern Europe"
"136","Uganda",4.00051689147949,7.43703365325928,0.739956140518188,55.2999992370605,0.77234411239624,0.0690517872571945,0.815770030021667,0.703375637531281,0.400025725364685,0.655109107494354,"Sub-Saharan Africa"
"137","Ukraine",4.3110671043396,8.97390842437744,0.858324885368347,64.3000030517578,0.598875522613525,0.0171363689005375,0.936764001846313,0.59711217880249,0.234763830900192,0.110936529934406,"Central and Eastern Europe"
"138","United Arab Emirates",7.03941965103149,11.1168184280396,0.835527360439301,66.9000015258789,0.962016642093658,0.199402540922165,NA,0.795034885406494,0.207598447799683,NA,"Middle East and Northern Africa"
"139","United Kingdom",7.10327339172363,10.590446472168,0.937495291233063,72.0999984741211,0.812733292579651,0.286916464567184,0.418611347675323,0.758571803569794,0.209572419524193,0.440120846033096,"Western Europe"
"140","United States",6.99175930023193,10.9009056091309,0.921002864837646,68.4000015258789,0.868496716022491,0.188832819461823,0.681191265583038,0.82655531167984,0.268269062042236,0.38653501868248,"North America"
"141","Uruguay",6.33600997924805,9.93068504333496,0.913801670074463,68.9000015258789,0.897851645946503,-0.101414754986763,0.626581966876984,0.835861265659332,0.280323356389999,0.413032114505768,"Latin America and Caribbean"
"142","Uzbekistan",6.42144775390625,8.7408332824707,0.942131102085114,64.8000030517578,0.985177755355835,0.116510666906834,0.464641600847244,0.838989078998566,0.202737495303154,0.964690446853638,"Central and Eastern Europe"
"143","Venezuela",5.07075071334839,9.43929576873779,0.895879328250885,66.3000030517578,0.635505020618439,-0.206034779548645,0.843969225883484,0.725642740726471,0.362984865903854,0.241123601794243,"Latin America and Caribbean"
"144","Vietnam",5.17527866363525,8.72775936126709,NA,67.6999969482422,NA,NA,NA,NA,NA,NA,"Southeastern Asia"
"145","Yemen",3.25356006622314,NA,0.789555013179779,55.9000015258789,0.595190763473511,NA,NA,0.455181896686554,0.295063585042953,0.247786983847618,"Middle East and Northern Africa"
"146","Zambia",3.93277740478516,8.21317863464355,0.743753910064697,54.7999992370605,0.823168575763702,0.128904432058334,0.739540636539459,0.684623301029205,0.387188881635666,0.717004060745239,"Sub-Saharan Africa"
"147","Zimbabwe",3.63830018043518,7.5494909286499,0.754147052764893,55,0.75282609462738,-0.0696697980165482,0.751208007335663,0.806428372859955,0.224051341414452,0.682646691799164,"Sub-Saharan Africa"
